atc,AB_name,DDD_factor,Unit,Adm.R,Note,atc_subgroup,Level_1,Level_2,Level_3,Level_4,Level_5
J01AA01,demeclocycline,0.6,g,O,NA,J01AA,NA,NA,ANTIBACTERIALS FOR SYSTEMIC USE,TETRACYCLINES,Tetracyclines
J01AA02,doxycycline,0.1,g,O,NA,J01AA,NA,NA,ANTIBACTERIALS FOR SYSTEMIC USE,TETRACYCLINES,Tetracyclines
J01AA02,doxycycline,0.1,g,P,NA,J01AA,NA,NA,ANTIBACTERIALS FOR SYSTEMIC USE,TETRACYCLINES,Tetracyclines
J01AA03,chlortetracycline,1,g,O,NA,J01AA,NA,NA,ANTIBACTERIALS FOR SYSTEMIC USE,TETRACYCLINES,Tetracyclines
J01AA04,lymecycline,0.6,g,O,NA,J01AA,NA,NA,ANTIBACTERIALS FOR SYSTEMIC USE,TETRACYCLINES,Tetracyclines
J01AA04,lymecycline,0.6,g,P,NA,J01AA,NA,NA,ANTIBACTERIALS FOR SYSTEMIC USE,TETRACYCLINES,Tetracyclines
J01AA05,metacycline,0.6,g,O,NA,J01AA,NA,NA,ANTIBACTERIALS FOR SYSTEMIC USE,TETRACYCLINES,Tetracyclines
J01AA06,oxytetracycline,1,g,O,NA,J01AA,NA,NA,ANTIBACTERIALS FOR SYSTEMIC USE,TETRACYCLINES,Tetracyclines
J01AA06,oxytetracycline,1,g,P,NA,J01AA,NA,NA,ANTIBACTERIALS FOR SYSTEMIC USE,TETRACYCLINES,Tetracyclines
J01AA07,tetracycline,1,g,O,NA,J01AA,NA,NA,ANTIBACTERIALS FOR SYSTEMIC USE,TETRACYCLINES,Tetracyclines
J01AA07,tetracycline,1,g,P,NA,J01AA,NA,NA,ANTIBACTERIALS FOR SYSTEMIC USE,TETRACYCLINES,Tetracyclines
J01AA08,minocycline,0.2,g,O,NA,J01AA,NA,NA,ANTIBACTERIALS FOR SYSTEMIC USE,TETRACYCLINES,Tetracyclines
J01AA08,minocycline,0.2,g,P,NA,J01AA,NA,NA,ANTIBACTERIALS FOR SYSTEMIC USE,TETRACYCLINES,Tetracyclines
J01AA09,rolitetracycline,0.35,g,P,NA,J01AA,NA,NA,ANTIBACTERIALS FOR SYSTEMIC USE,TETRACYCLINES,Tetracyclines
J01AA10,penimepicycline,NA,,,NA,J01AA,NA,NA,ANTIBACTERIALS FOR SYSTEMIC USE,TETRACYCLINES,Tetracyclines
J01AA11,clomocycline,1,g,O,NA,J01AA,NA,NA,ANTIBACTERIALS FOR SYSTEMIC USE,TETRACYCLINES,Tetracyclines
J01AA12,tigecycline,0.1,g,P,NA,J01AA,NA,NA,ANTIBACTERIALS FOR SYSTEMIC USE,TETRACYCLINES,Tetracyclines
J01AA13,eravacycline,NA,,,NA,J01AA,NA,NA,ANTIBACTERIALS FOR SYSTEMIC USE,TETRACYCLINES,Tetracyclines
J01AA14,sarecycline,0.1,g,O,NA,J01AA,NA,NA,ANTIBACTERIALS FOR SYSTEMIC USE,TETRACYCLINES,Tetracyclines
J01AA15,omadacycline,0.3,g,O,NA,J01AA,NA,NA,ANTIBACTERIALS FOR SYSTEMIC USE,TETRACYCLINES,Tetracyclines
J01AA15,omadacycline,0.1,g,P,NA,J01AA,NA,NA,ANTIBACTERIALS FOR SYSTEMIC USE,TETRACYCLINES,Tetracyclines
J01AA20,combinations of tetracyclines,NA,,,NA,J01AA,NA,NA,ANTIBACTERIALS FOR SYSTEMIC USE,TETRACYCLINES,Tetracyclines
J01AA56,"oxytetracycline, combinations",NA,,,NA,J01AA,NA,NA,ANTIBACTERIALS FOR SYSTEMIC USE,TETRACYCLINES,Tetracyclines
J01BA01,chloramphenicol,3,g,O,NA,J01BA,NA,NA,ANTIBACTERIALS FOR SYSTEMIC USE,AMPHENICOLS,Amphenicols
J01BA01,chloramphenicol,3,g,P,NA,J01BA,NA,NA,ANTIBACTERIALS FOR SYSTEMIC USE,AMPHENICOLS,Amphenicols
J01BA02,thiamphenicol,1.5,g,O,NA,J01BA,NA,NA,ANTIBACTERIALS FOR SYSTEMIC USE,AMPHENICOLS,Amphenicols
J01BA02,thiamphenicol,1.5,g,P,NA,J01BA,NA,NA,ANTIBACTERIALS FOR SYSTEMIC USE,AMPHENICOLS,Amphenicols
J01BA52,"thiamphenicol, combinations",NA,,,NA,J01BA,NA,NA,ANTIBACTERIALS FOR SYSTEMIC USE,AMPHENICOLS,Amphenicols
J01CA01,ampicillin,2,g,O,NA,J01CA,NA,NA,ANTIBACTERIALS FOR SYSTEMIC USE,"BETA-LACTAM ANTIBACTERIALS, PENICILLINS",Penicillins with extended spectrum
J01CA01,ampicillin,6,g,P,NA,J01CA,NA,NA,ANTIBACTERIALS FOR SYSTEMIC USE,"BETA-LACTAM ANTIBACTERIALS, PENICILLINS",Penicillins with extended spectrum
J01CA01,ampicillin,2,g,R,NA,J01CA,NA,NA,ANTIBACTERIALS FOR SYSTEMIC USE,"BETA-LACTAM ANTIBACTERIALS, PENICILLINS",Penicillins with extended spectrum
J01CA02,pivampicillin,1.05,g,O,NA,J01CA,NA,NA,ANTIBACTERIALS FOR SYSTEMIC USE,"BETA-LACTAM ANTIBACTERIALS, PENICILLINS",Penicillins with extended spectrum
J01CA03,carbenicillin,12,g,P,NA,J01CA,NA,NA,ANTIBACTERIALS FOR SYSTEMIC USE,"BETA-LACTAM ANTIBACTERIALS, PENICILLINS",Penicillins with extended spectrum
J01CA04,amoxicillin,1.5,g,O,NA,J01CA,NA,NA,ANTIBACTERIALS FOR SYSTEMIC USE,"BETA-LACTAM ANTIBACTERIALS, PENICILLINS",Penicillins with extended spectrum
J01CA04,amoxicillin,3,g,P,NA,J01CA,NA,NA,ANTIBACTERIALS FOR SYSTEMIC USE,"BETA-LACTAM ANTIBACTERIALS, PENICILLINS",Penicillins with extended spectrum
J01CA05,carindacillin,4,g,O,NA,J01CA,NA,NA,ANTIBACTERIALS FOR SYSTEMIC USE,"BETA-LACTAM ANTIBACTERIALS, PENICILLINS",Penicillins with extended spectrum
J01CA06,bacampicillin,1.2,g,O,NA,J01CA,NA,NA,ANTIBACTERIALS FOR SYSTEMIC USE,"BETA-LACTAM ANTIBACTERIALS, PENICILLINS",Penicillins with extended spectrum
J01CA07,epicillin,2,g,O,NA,J01CA,NA,NA,ANTIBACTERIALS FOR SYSTEMIC USE,"BETA-LACTAM ANTIBACTERIALS, PENICILLINS",Penicillins with extended spectrum
J01CA07,epicillin,2,g,P,NA,J01CA,NA,NA,ANTIBACTERIALS FOR SYSTEMIC USE,"BETA-LACTAM ANTIBACTERIALS, PENICILLINS",Penicillins with extended spectrum
J01CA08,pivmecillinam,0.6,g,O,NA,J01CA,NA,NA,ANTIBACTERIALS FOR SYSTEMIC USE,"BETA-LACTAM ANTIBACTERIALS, PENICILLINS",Penicillins with extended spectrum
J01CA09,azlocillin,12,g,P,NA,J01CA,NA,NA,ANTIBACTERIALS FOR SYSTEMIC USE,"BETA-LACTAM ANTIBACTERIALS, PENICILLINS",Penicillins with extended spectrum
J01CA10,mezlocillin,6,g,P,NA,J01CA,NA,NA,ANTIBACTERIALS FOR SYSTEMIC USE,"BETA-LACTAM ANTIBACTERIALS, PENICILLINS",Penicillins with extended spectrum
J01CA11,mecillinam,1.2,g,P,NA,J01CA,NA,NA,ANTIBACTERIALS FOR SYSTEMIC USE,"BETA-LACTAM ANTIBACTERIALS, PENICILLINS",Penicillins with extended spectrum
J01CA12,piperacillin,14,g,P,NA,J01CA,NA,NA,ANTIBACTERIALS FOR SYSTEMIC USE,"BETA-LACTAM ANTIBACTERIALS, PENICILLINS",Penicillins with extended spectrum
J01CA13,ticarcillin,15,g,P,NA,J01CA,NA,NA,ANTIBACTERIALS FOR SYSTEMIC USE,"BETA-LACTAM ANTIBACTERIALS, PENICILLINS",Penicillins with extended spectrum
J01CA14,metampicillin,1.5,g,O,NA,J01CA,NA,NA,ANTIBACTERIALS FOR SYSTEMIC USE,"BETA-LACTAM ANTIBACTERIALS, PENICILLINS",Penicillins with extended spectrum
J01CA14,metampicillin,1.5,g,P,NA,J01CA,NA,NA,ANTIBACTERIALS FOR SYSTEMIC USE,"BETA-LACTAM ANTIBACTERIALS, PENICILLINS",Penicillins with extended spectrum
J01CA15,talampicillin,2,g,O,NA,J01CA,NA,NA,ANTIBACTERIALS FOR SYSTEMIC USE,"BETA-LACTAM ANTIBACTERIALS, PENICILLINS",Penicillins with extended spectrum
J01CA16,sulbenicillin,15,g,P,NA,J01CA,NA,NA,ANTIBACTERIALS FOR SYSTEMIC USE,"BETA-LACTAM ANTIBACTERIALS, PENICILLINS",Penicillins with extended spectrum
J01CA17,temocillin,4,g,P,NA,J01CA,NA,NA,ANTIBACTERIALS FOR SYSTEMIC USE,"BETA-LACTAM ANTIBACTERIALS, PENICILLINS",Penicillins with extended spectrum
J01CA18,hetacillin,2,g,O,NA,J01CA,NA,NA,ANTIBACTERIALS FOR SYSTEMIC USE,"BETA-LACTAM ANTIBACTERIALS, PENICILLINS",Penicillins with extended spectrum
J01CA19,aspoxicillin,4,g,P,NA,J01CA,NA,NA,ANTIBACTERIALS FOR SYSTEMIC USE,"BETA-LACTAM ANTIBACTERIALS, PENICILLINS",Penicillins with extended spectrum
J01CA20,combinations,NA,,,NA,J01CA,NA,NA,ANTIBACTERIALS FOR SYSTEMIC USE,"BETA-LACTAM ANTIBACTERIALS, PENICILLINS",Penicillins with extended spectrum
J01CA51,"ampicillin, combinations",NA,,,NA,J01CA,NA,NA,ANTIBACTERIALS FOR SYSTEMIC USE,"BETA-LACTAM ANTIBACTERIALS, PENICILLINS",Penicillins with extended spectrum
J01EA01,trimethoprim,0.4,g,O,NA,J01EA,NA,NA,ANTIBACTERIALS FOR SYSTEMIC USE,SULFONAMIDES AND TRIMETHOPRIM,Trimethoprim and derivatives
J01EA01,trimethoprim,0.4,g,P,NA,J01EA,NA,NA,ANTIBACTERIALS FOR SYSTEMIC USE,SULFONAMIDES AND TRIMETHOPRIM,Trimethoprim and derivatives
J01EA02,brodimoprim,0.2,g,O,NA,J01EA,NA,NA,ANTIBACTERIALS FOR SYSTEMIC USE,SULFONAMIDES AND TRIMETHOPRIM,Trimethoprim and derivatives
J01EA03,iclaprim,NA,,,NA,J01EA,NA,NA,ANTIBACTERIALS FOR SYSTEMIC USE,SULFONAMIDES AND TRIMETHOPRIM,Trimethoprim and derivatives
J01FA01,erythromycin,1,g,O,,J01FA,NA,NA,ANTIBACTERIALS FOR SYSTEMIC USE,"MACROLIDES, LINCOSAMIDES AND STREPTOGRAMINS",Macrolides
J01FA01,erythromycin,2,g,O,erythromycin ethylsuccinate tablets,J01FA,NA,NA,ANTIBACTERIALS FOR SYSTEMIC USE,"MACROLIDES, LINCOSAMIDES AND STREPTOGRAMINS",Macrolides
J01FA01,erythromycin,1,g,P,,J01FA,NA,NA,ANTIBACTERIALS FOR SYSTEMIC USE,"MACROLIDES, LINCOSAMIDES AND STREPTOGRAMINS",Macrolides
J01FA02,spiramycin,3,g,O,,J01FA,NA,NA,ANTIBACTERIALS FOR SYSTEMIC USE,"MACROLIDES, LINCOSAMIDES AND STREPTOGRAMINS",Macrolides
J01FA03,midecamycin,1.2,g,O,,J01FA,NA,NA,ANTIBACTERIALS FOR SYSTEMIC USE,"MACROLIDES, LINCOSAMIDES AND STREPTOGRAMINS",Macrolides
J01FA03,midecamycin,1,g,P,,J01FA,NA,NA,ANTIBACTERIALS FOR SYSTEMIC USE,"MACROLIDES, LINCOSAMIDES AND STREPTOGRAMINS",Macrolides
J01FA05,oleandomycin,1,g,O,,J01FA,NA,NA,ANTIBACTERIALS FOR SYSTEMIC USE,"MACROLIDES, LINCOSAMIDES AND STREPTOGRAMINS",Macrolides
J01FA06,roxithromycin,0.3,g,O,,J01FA,NA,NA,ANTIBACTERIALS FOR SYSTEMIC USE,"MACROLIDES, LINCOSAMIDES AND STREPTOGRAMINS",Macrolides
J01FA07,josamycin,2,g,O,,J01FA,NA,NA,ANTIBACTERIALS FOR SYSTEMIC USE,"MACROLIDES, LINCOSAMIDES AND STREPTOGRAMINS",Macrolides
J01FA08,troleandomycin,1,g,O,,J01FA,NA,NA,ANTIBACTERIALS FOR SYSTEMIC USE,"MACROLIDES, LINCOSAMIDES AND STREPTOGRAMINS",Macrolides
J01FA09,clarithromycin,0.5,g,O,,J01FA,NA,NA,ANTIBACTERIALS FOR SYSTEMIC USE,"MACROLIDES, LINCOSAMIDES AND STREPTOGRAMINS",Macrolides
J01FA09,clarithromycin,1,g,P,,J01FA,NA,NA,ANTIBACTERIALS FOR SYSTEMIC USE,"MACROLIDES, LINCOSAMIDES AND STREPTOGRAMINS",Macrolides
J01FA10,azithromycin,0.3,g,O,,J01FA,NA,NA,ANTIBACTERIALS FOR SYSTEMIC USE,"MACROLIDES, LINCOSAMIDES AND STREPTOGRAMINS",Macrolides
J01FA10,azithromycin,0.5,g,P,,J01FA,NA,NA,ANTIBACTERIALS FOR SYSTEMIC USE,"MACROLIDES, LINCOSAMIDES AND STREPTOGRAMINS",Macrolides
J01FA11,miocamycin,1.2,g,O,,J01FA,NA,NA,ANTIBACTERIALS FOR SYSTEMIC USE,"MACROLIDES, LINCOSAMIDES AND STREPTOGRAMINS",Macrolides
J01FA12,rokitamycin,0.8,g,O,,J01FA,NA,NA,ANTIBACTERIALS FOR SYSTEMIC USE,"MACROLIDES, LINCOSAMIDES AND STREPTOGRAMINS",Macrolides
J01FA13,dirithromycin,0.5,g,O,,J01FA,NA,NA,ANTIBACTERIALS FOR SYSTEMIC USE,"MACROLIDES, LINCOSAMIDES AND STREPTOGRAMINS",Macrolides
J01FA14,flurithromycin,0.75,g,O,,J01FA,NA,NA,ANTIBACTERIALS FOR SYSTEMIC USE,"MACROLIDES, LINCOSAMIDES AND STREPTOGRAMINS",Macrolides
J01FA15,telithromycin,0.8,g,O,,J01FA,NA,NA,ANTIBACTERIALS FOR SYSTEMIC USE,"MACROLIDES, LINCOSAMIDES AND STREPTOGRAMINS",Macrolides
J01FA16,solithromycin,NA,,,,J01FA,NA,NA,ANTIBACTERIALS FOR SYSTEMIC USE,"MACROLIDES, LINCOSAMIDES AND STREPTOGRAMINS",Macrolides
J01GA01,streptomycin,1,g,P,NA,J01GA,NA,NA,ANTIBACTERIALS FOR SYSTEMIC USE,AMINOGLYCOSIDE ANTIBACTERIALS,Streptomycins
J01GA02,streptoduocin,1,g,P,NA,J01GA,NA,NA,ANTIBACTERIALS FOR SYSTEMIC USE,AMINOGLYCOSIDE ANTIBACTERIALS,Streptomycins
J01MA01,ofloxacin,0.4,g,O,NA,J01MA,NA,NA,ANTIBACTERIALS FOR SYSTEMIC USE,QUINOLONE ANTIBACTERIALS,Fluoroquinolones
J01MA01,ofloxacin,0.4,g,P,NA,J01MA,NA,NA,ANTIBACTERIALS FOR SYSTEMIC USE,QUINOLONE ANTIBACTERIALS,Fluoroquinolones
J01MA02,ciprofloxacin,1,g,O,NA,J01MA,NA,NA,ANTIBACTERIALS FOR SYSTEMIC USE,QUINOLONE ANTIBACTERIALS,Fluoroquinolones
J01MA02,ciprofloxacin,0.8,g,P,NA,J01MA,NA,NA,ANTIBACTERIALS FOR SYSTEMIC USE,QUINOLONE ANTIBACTERIALS,Fluoroquinolones
J01MA03,pefloxacin,0.8,g,O,NA,J01MA,NA,NA,ANTIBACTERIALS FOR SYSTEMIC USE,QUINOLONE ANTIBACTERIALS,Fluoroquinolones
J01MA03,pefloxacin,0.8,g,P,NA,J01MA,NA,NA,ANTIBACTERIALS FOR SYSTEMIC USE,QUINOLONE ANTIBACTERIALS,Fluoroquinolones
J01MA04,enoxacin,0.8,g,O,NA,J01MA,NA,NA,ANTIBACTERIALS FOR SYSTEMIC USE,QUINOLONE ANTIBACTERIALS,Fluoroquinolones
J01MA05,temafloxacin,0.8,g,O,NA,J01MA,NA,NA,ANTIBACTERIALS FOR SYSTEMIC USE,QUINOLONE ANTIBACTERIALS,Fluoroquinolones
J01MA06,norfloxacin,0.8,g,O,NA,J01MA,NA,NA,ANTIBACTERIALS FOR SYSTEMIC USE,QUINOLONE ANTIBACTERIALS,Fluoroquinolones
J01MA07,lomefloxacin,0.4,g,O,NA,J01MA,NA,NA,ANTIBACTERIALS FOR SYSTEMIC USE,QUINOLONE ANTIBACTERIALS,Fluoroquinolones
J01MA08,fleroxacin,0.4,g,O,NA,J01MA,NA,NA,ANTIBACTERIALS FOR SYSTEMIC USE,QUINOLONE ANTIBACTERIALS,Fluoroquinolones
J01MA08,fleroxacin,0.4,g,P,NA,J01MA,NA,NA,ANTIBACTERIALS FOR SYSTEMIC USE,QUINOLONE ANTIBACTERIALS,Fluoroquinolones
J01MA09,sparfloxacin,0.2,g,O,NA,J01MA,NA,NA,ANTIBACTERIALS FOR SYSTEMIC USE,QUINOLONE ANTIBACTERIALS,Fluoroquinolones
J01MA10,rufloxacin,0.2,g,O,NA,J01MA,NA,NA,ANTIBACTERIALS FOR SYSTEMIC USE,QUINOLONE ANTIBACTERIALS,Fluoroquinolones
J01MA11,grepafloxacin,0.4,g,O,NA,J01MA,NA,NA,ANTIBACTERIALS FOR SYSTEMIC USE,QUINOLONE ANTIBACTERIALS,Fluoroquinolones
J01MA12,levofloxacin,0.24,g,Inhal.solution,NA,J01MA,NA,NA,ANTIBACTERIALS FOR SYSTEMIC USE,QUINOLONE ANTIBACTERIALS,Fluoroquinolones
J01MA12,levofloxacin,0.5,g,O,NA,J01MA,NA,NA,ANTIBACTERIALS FOR SYSTEMIC USE,QUINOLONE ANTIBACTERIALS,Fluoroquinolones
J01MA12,levofloxacin,0.5,g,P,NA,J01MA,NA,NA,ANTIBACTERIALS FOR SYSTEMIC USE,QUINOLONE ANTIBACTERIALS,Fluoroquinolones
J01MA13,trovafloxacin,0.2,g,O,NA,J01MA,NA,NA,ANTIBACTERIALS FOR SYSTEMIC USE,QUINOLONE ANTIBACTERIALS,Fluoroquinolones
J01MA13,trovafloxacin,0.2,g,P,NA,J01MA,NA,NA,ANTIBACTERIALS FOR SYSTEMIC USE,QUINOLONE ANTIBACTERIALS,Fluoroquinolones
J01MA14,moxifloxacin,0.4,g,O,NA,J01MA,NA,NA,ANTIBACTERIALS FOR SYSTEMIC USE,QUINOLONE ANTIBACTERIALS,Fluoroquinolones
J01MA14,moxifloxacin,0.4,g,P,NA,J01MA,NA,NA,ANTIBACTERIALS FOR SYSTEMIC USE,QUINOLONE ANTIBACTERIALS,Fluoroquinolones
J01MA15,gemifloxacin,0.32,g,O,NA,J01MA,NA,NA,ANTIBACTERIALS FOR SYSTEMIC USE,QUINOLONE ANTIBACTERIALS,Fluoroquinolones
J01MA15,gemifloxacin,0.2,g,P,NA,J01MA,NA,NA,ANTIBACTERIALS FOR SYSTEMIC USE,QUINOLONE ANTIBACTERIALS,Fluoroquinolones
J01MA16,gatifloxacin,0.4,g,O,NA,J01MA,NA,NA,ANTIBACTERIALS FOR SYSTEMIC USE,QUINOLONE ANTIBACTERIALS,Fluoroquinolones
J01MA16,gatifloxacin,0.4,g,P,NA,J01MA,NA,NA,ANTIBACTERIALS FOR SYSTEMIC USE,QUINOLONE ANTIBACTERIALS,Fluoroquinolones
J01MA17,prulifloxacin,0.6,g,O,NA,J01MA,NA,NA,ANTIBACTERIALS FOR SYSTEMIC USE,QUINOLONE ANTIBACTERIALS,Fluoroquinolones
J01MA18,pazufloxacin,1,g,P,NA,J01MA,NA,NA,ANTIBACTERIALS FOR SYSTEMIC USE,QUINOLONE ANTIBACTERIALS,Fluoroquinolones
J01MA19,garenoxacin,0.4,g,O,NA,J01MA,NA,NA,ANTIBACTERIALS FOR SYSTEMIC USE,QUINOLONE ANTIBACTERIALS,Fluoroquinolones
J01MA21,sitafloxacin,0.1,g,O,NA,J01MA,NA,NA,ANTIBACTERIALS FOR SYSTEMIC USE,QUINOLONE ANTIBACTERIALS,Fluoroquinolones
J01MA22,tosufloxacin,0.45,g,O,NA,J01MA,NA,NA,ANTIBACTERIALS FOR SYSTEMIC USE,QUINOLONE ANTIBACTERIALS,Fluoroquinolones
J01MA23,delafloxacin,0.9,g,O,NA,J01MA,NA,NA,ANTIBACTERIALS FOR SYSTEMIC USE,QUINOLONE ANTIBACTERIALS,Fluoroquinolones
J01MA23,delafloxacin,0.6,g,P,NA,J01MA,NA,NA,ANTIBACTERIALS FOR SYSTEMIC USE,QUINOLONE ANTIBACTERIALS,Fluoroquinolones
J01MA24,levonadifloxacin,NA,,,NA,J01MA,NA,NA,ANTIBACTERIALS FOR SYSTEMIC USE,QUINOLONE ANTIBACTERIALS,Fluoroquinolones
J01MA25,lascufloxacin,75,mg,O,NA,J01MA,NA,NA,ANTIBACTERIALS FOR SYSTEMIC USE,QUINOLONE ANTIBACTERIALS,Fluoroquinolones
J01RA01,"penicillins, combinations with other antibacterials",NA,NA,NA,NA,J01RA,NA,NA,ANTIBACTERIALS FOR SYSTEMIC USE,COMBINATIONS OF ANTIBACTERIALS,Combinations of antibacterials
J01RA02,"sulfonamides, combinations with other antibacterials (excl. trimethoprim)",NA,NA,NA,NA,J01RA,NA,NA,ANTIBACTERIALS FOR SYSTEMIC USE,COMBINATIONS OF ANTIBACTERIALS,Combinations of antibacterials
J01RA03,cefuroxime and metronidazole,NA,NA,NA,NA,J01RA,NA,NA,ANTIBACTERIALS FOR SYSTEMIC USE,COMBINATIONS OF ANTIBACTERIALS,Combinations of antibacterials
J01RA04,spiramycin and metronidazole,NA,NA,NA,NA,J01RA,NA,NA,ANTIBACTERIALS FOR SYSTEMIC USE,COMBINATIONS OF ANTIBACTERIALS,Combinations of antibacterials
J01RA05,levofloxacin and ornidazole,NA,NA,NA,NA,J01RA,NA,NA,ANTIBACTERIALS FOR SYSTEMIC USE,COMBINATIONS OF ANTIBACTERIALS,Combinations of antibacterials
J01RA06,cefepime and amikacin,NA,NA,NA,NA,J01RA,NA,NA,ANTIBACTERIALS FOR SYSTEMIC USE,COMBINATIONS OF ANTIBACTERIALS,Combinations of antibacterials
J01RA07,"azithromycin, fluconazole and secnidazole",NA,NA,NA,NA,J01RA,NA,NA,ANTIBACTERIALS FOR SYSTEMIC USE,COMBINATIONS OF ANTIBACTERIALS,Combinations of antibacterials
J01RA08,tetracycline and oleandomycin,NA,NA,NA,NA,J01RA,NA,NA,ANTIBACTERIALS FOR SYSTEMIC USE,COMBINATIONS OF ANTIBACTERIALS,Combinations of antibacterials
J01RA09,ofloxacin and ornidazole,NA,NA,NA,NA,J01RA,NA,NA,ANTIBACTERIALS FOR SYSTEMIC USE,COMBINATIONS OF ANTIBACTERIALS,Combinations of antibacterials
J01RA10,ciprofloxacin and metronidazole,NA,NA,NA,NA,J01RA,NA,NA,ANTIBACTERIALS FOR SYSTEMIC USE,COMBINATIONS OF ANTIBACTERIALS,Combinations of antibacterials
J01RA11,ciprofloxacin and tinidazole,NA,NA,NA,NA,J01RA,NA,NA,ANTIBACTERIALS FOR SYSTEMIC USE,COMBINATIONS OF ANTIBACTERIALS,Combinations of antibacterials
J01RA12,ciprofloxacin and ornidazole,NA,NA,NA,NA,J01RA,NA,NA,ANTIBACTERIALS FOR SYSTEMIC USE,COMBINATIONS OF ANTIBACTERIALS,Combinations of antibacterials
J01RA13,norfloxacin and tinidazole,NA,NA,NA,NA,J01RA,NA,NA,ANTIBACTERIALS FOR SYSTEMIC USE,COMBINATIONS OF ANTIBACTERIALS,Combinations of antibacterials
J01RA14,norfloxacin and metronidazole,NA,NA,NA,NA,J01RA,NA,NA,ANTIBACTERIALS FOR SYSTEMIC USE,COMBINATIONS OF ANTIBACTERIALS,Combinations of antibacterials
J01RA15,cefixime and ornidazole,NA,NA,NA,NA,J01RA,NA,NA,ANTIBACTERIALS FOR SYSTEMIC USE,COMBINATIONS OF ANTIBACTERIALS,Combinations of antibacterials
J01XA01,vancomycin,2,g,P,,J01XA,NA,NA,ANTIBACTERIALS FOR SYSTEMIC USE,OTHER ANTIBACTERIALS,Glycopeptide antibacterials
J01XA02,teicoplanin,0.4,g,P,,J01XA,NA,NA,ANTIBACTERIALS FOR SYSTEMIC USE,OTHER ANTIBACTERIALS,Glycopeptide antibacterials
J01XA03,telavancin,NA,,,,J01XA,NA,NA,ANTIBACTERIALS FOR SYSTEMIC USE,OTHER ANTIBACTERIALS,Glycopeptide antibacterials
J01XA04,dalbavancin,1.5,g,P,course dose,J01XA,NA,NA,ANTIBACTERIALS FOR SYSTEMIC USE,OTHER ANTIBACTERIALS,Glycopeptide antibacterials
J01XA05,oritavancin,NA,,,,J01XA,NA,NA,ANTIBACTERIALS FOR SYSTEMIC USE,OTHER ANTIBACTERIALS,Glycopeptide antibacterials
J01DB01,cefalexin,2,g,O,NA,J01DB,NA,NA,ANTIBACTERIALS FOR SYSTEMIC USE,OTHER BETA-LACTAM ANTIBACTERIALS,First-generation cephalosporins
J01DB02,cefaloridine,3,g,P,NA,J01DB,NA,NA,ANTIBACTERIALS FOR SYSTEMIC USE,OTHER BETA-LACTAM ANTIBACTERIALS,First-generation cephalosporins
J01DB03,cefalotin,4,g,P,NA,J01DB,NA,NA,ANTIBACTERIALS FOR SYSTEMIC USE,OTHER BETA-LACTAM ANTIBACTERIALS,First-generation cephalosporins
J01DB04,cefazolin,3,g,P,NA,J01DB,NA,NA,ANTIBACTERIALS FOR SYSTEMIC USE,OTHER BETA-LACTAM ANTIBACTERIALS,First-generation cephalosporins
J01DB05,cefadroxil,2,g,O,NA,J01DB,NA,NA,ANTIBACTERIALS FOR SYSTEMIC USE,OTHER BETA-LACTAM ANTIBACTERIALS,First-generation cephalosporins
J01DB06,cefazedone,3,g,P,NA,J01DB,NA,NA,ANTIBACTERIALS FOR SYSTEMIC USE,OTHER BETA-LACTAM ANTIBACTERIALS,First-generation cephalosporins
J01DB07,cefatrizine,1,g,O,NA,J01DB,NA,NA,ANTIBACTERIALS FOR SYSTEMIC USE,OTHER BETA-LACTAM ANTIBACTERIALS,First-generation cephalosporins
J01DB08,cefapirin,4,g,P,NA,J01DB,NA,NA,ANTIBACTERIALS FOR SYSTEMIC USE,OTHER BETA-LACTAM ANTIBACTERIALS,First-generation cephalosporins
J01DB09,cefradine,2,g,O,NA,J01DB,NA,NA,ANTIBACTERIALS FOR SYSTEMIC USE,OTHER BETA-LACTAM ANTIBACTERIALS,First-generation cephalosporins
J01DB09,cefradine,2,g,P,NA,J01DB,NA,NA,ANTIBACTERIALS FOR SYSTEMIC USE,OTHER BETA-LACTAM ANTIBACTERIALS,First-generation cephalosporins
J01DB10,cefacetrile,NA,,,NA,J01DB,NA,NA,ANTIBACTERIALS FOR SYSTEMIC USE,OTHER BETA-LACTAM ANTIBACTERIALS,First-generation cephalosporins
J01DB11,cefroxadine,2.1,g,O,NA,J01DB,NA,NA,ANTIBACTERIALS FOR SYSTEMIC USE,OTHER BETA-LACTAM ANTIBACTERIALS,First-generation cephalosporins
J01DB12,ceftezole,3,g,P,NA,J01DB,NA,NA,ANTIBACTERIALS FOR SYSTEMIC USE,OTHER BETA-LACTAM ANTIBACTERIALS,First-generation cephalosporins
J01EB01,sulfaisodimidine,4,g,O,NA,J01EB,NA,NA,ANTIBACTERIALS FOR SYSTEMIC USE,SULFONAMIDES AND TRIMETHOPRIM,Short-acting sulfonamides
J01EB01,sulfaisodimidine,4,g,P,NA,J01EB,NA,NA,ANTIBACTERIALS FOR SYSTEMIC USE,SULFONAMIDES AND TRIMETHOPRIM,Short-acting sulfonamides
J01EB02,sulfamethizole,4,g,O,NA,J01EB,NA,NA,ANTIBACTERIALS FOR SYSTEMIC USE,SULFONAMIDES AND TRIMETHOPRIM,Short-acting sulfonamides
J01EB03,sulfadimidine,4,g,O,NA,J01EB,NA,NA,ANTIBACTERIALS FOR SYSTEMIC USE,SULFONAMIDES AND TRIMETHOPRIM,Short-acting sulfonamides
J01EB04,sulfapyridine,1,g,O,NA,J01EB,NA,NA,ANTIBACTERIALS FOR SYSTEMIC USE,SULFONAMIDES AND TRIMETHOPRIM,Short-acting sulfonamides
J01EB05,sulfafurazole,4,g,O,NA,J01EB,NA,NA,ANTIBACTERIALS FOR SYSTEMIC USE,SULFONAMIDES AND TRIMETHOPRIM,Short-acting sulfonamides
J01EB05,sulfafurazole,4,g,P,NA,J01EB,NA,NA,ANTIBACTERIALS FOR SYSTEMIC USE,SULFONAMIDES AND TRIMETHOPRIM,Short-acting sulfonamides
J01EB06,sulfanilamide,NA,,,NA,J01EB,NA,NA,ANTIBACTERIALS FOR SYSTEMIC USE,SULFONAMIDES AND TRIMETHOPRIM,Short-acting sulfonamides
J01EB07,sulfathiazole,NA,,,NA,J01EB,NA,NA,ANTIBACTERIALS FOR SYSTEMIC USE,SULFONAMIDES AND TRIMETHOPRIM,Short-acting sulfonamides
J01EB08,sulfathiourea,6,g,O,NA,J01EB,NA,NA,ANTIBACTERIALS FOR SYSTEMIC USE,SULFONAMIDES AND TRIMETHOPRIM,Short-acting sulfonamides
J01EB20,combinations,NA,,,NA,J01EB,NA,NA,ANTIBACTERIALS FOR SYSTEMIC USE,SULFONAMIDES AND TRIMETHOPRIM,Short-acting sulfonamides
J01GB01,tobramycin,0.112,g,Inhal.powder,NA,J01GB,NA,NA,ANTIBACTERIALS FOR SYSTEMIC USE,AMINOGLYCOSIDE ANTIBACTERIALS,Other aminoglycosides
J01GB01,tobramycin,0.3,g,Inhal.solution,NA,J01GB,NA,NA,ANTIBACTERIALS FOR SYSTEMIC USE,AMINOGLYCOSIDE ANTIBACTERIALS,Other aminoglycosides
J01GB01,tobramycin,0.24,g,P,NA,J01GB,NA,NA,ANTIBACTERIALS FOR SYSTEMIC USE,AMINOGLYCOSIDE ANTIBACTERIALS,Other aminoglycosides
J01GB03,gentamicin,0.24,g,P,NA,J01GB,NA,NA,ANTIBACTERIALS FOR SYSTEMIC USE,AMINOGLYCOSIDE ANTIBACTERIALS,Other aminoglycosides
J01GB04,kanamycin,1,g,P,NA,J01GB,NA,NA,ANTIBACTERIALS FOR SYSTEMIC USE,AMINOGLYCOSIDE ANTIBACTERIALS,Other aminoglycosides
J01GB05,neomycin,1,g,P,NA,J01GB,NA,NA,ANTIBACTERIALS FOR SYSTEMIC USE,AMINOGLYCOSIDE ANTIBACTERIALS,Other aminoglycosides
J01GB06,amikacin,1,g,P,NA,J01GB,NA,NA,ANTIBACTERIALS FOR SYSTEMIC USE,AMINOGLYCOSIDE ANTIBACTERIALS,Other aminoglycosides
J01GB07,netilmicin,0.35,g,O,NA,J01GB,NA,NA,ANTIBACTERIALS FOR SYSTEMIC USE,AMINOGLYCOSIDE ANTIBACTERIALS,Other aminoglycosides
J01GB07,netilmicin,0.35,g,P,NA,J01GB,NA,NA,ANTIBACTERIALS FOR SYSTEMIC USE,AMINOGLYCOSIDE ANTIBACTERIALS,Other aminoglycosides
J01GB08,sisomicin,0.24,g,P,NA,J01GB,NA,NA,ANTIBACTERIALS FOR SYSTEMIC USE,AMINOGLYCOSIDE ANTIBACTERIALS,Other aminoglycosides
J01GB09,dibekacin,0.14,g,P,NA,J01GB,NA,NA,ANTIBACTERIALS FOR SYSTEMIC USE,AMINOGLYCOSIDE ANTIBACTERIALS,Other aminoglycosides
J01GB10,ribostamycin,1,g,P,NA,J01GB,NA,NA,ANTIBACTERIALS FOR SYSTEMIC USE,AMINOGLYCOSIDE ANTIBACTERIALS,Other aminoglycosides
J01GB11,isepamicin,0.4,g,P,NA,J01GB,NA,NA,ANTIBACTERIALS FOR SYSTEMIC USE,AMINOGLYCOSIDE ANTIBACTERIALS,Other aminoglycosides
J01GB12,arbekacin,0.2,g,P,NA,J01GB,NA,NA,ANTIBACTERIALS FOR SYSTEMIC USE,AMINOGLYCOSIDE ANTIBACTERIALS,Other aminoglycosides
J01GB13,bekanamycin,0.6,g,P,NA,J01GB,NA,NA,ANTIBACTERIALS FOR SYSTEMIC USE,AMINOGLYCOSIDE ANTIBACTERIALS,Other aminoglycosides
J01GB14,plazomicin,NA,,,NA,J01GB,NA,NA,ANTIBACTERIALS FOR SYSTEMIC USE,AMINOGLYCOSIDE ANTIBACTERIALS,Other aminoglycosides
J01MB01,rosoxacin,0.3,g,O,NA,J01MB,NA,NA,ANTIBACTERIALS FOR SYSTEMIC USE,QUINOLONE ANTIBACTERIALS,Other quinolones
J01MB02,nalidixic acid,4,g,O,NA,J01MB,NA,NA,ANTIBACTERIALS FOR SYSTEMIC USE,QUINOLONE ANTIBACTERIALS,Other quinolones
J01MB03,piromidic acid,2,g,O,NA,J01MB,NA,NA,ANTIBACTERIALS FOR SYSTEMIC USE,QUINOLONE ANTIBACTERIALS,Other quinolones
J01MB04,pipemidic acid,0.8,g,O,NA,J01MB,NA,NA,ANTIBACTERIALS FOR SYSTEMIC USE,QUINOLONE ANTIBACTERIALS,Other quinolones
J01MB05,oxolinic acid,1,g,O,NA,J01MB,NA,NA,ANTIBACTERIALS FOR SYSTEMIC USE,QUINOLONE ANTIBACTERIALS,Other quinolones
J01MB06,cinoxacin,1,g,O,NA,J01MB,NA,NA,ANTIBACTERIALS FOR SYSTEMIC USE,QUINOLONE ANTIBACTERIALS,Other quinolones
J01MB07,flumequine,1.2,g,O,NA,J01MB,NA,NA,ANTIBACTERIALS FOR SYSTEMIC USE,QUINOLONE ANTIBACTERIALS,Other quinolones
J01MB08,nemonoxacin,NA,,,NA,J01MB,NA,NA,ANTIBACTERIALS FOR SYSTEMIC USE,QUINOLONE ANTIBACTERIALS,Other quinolones
J01XB01,colistin,3,MU,Inhal.powder,NA,J01XB,NA,NA,ANTIBACTERIALS FOR SYSTEMIC USE,OTHER ANTIBACTERIALS,Polymyxins
J01XB01,colistin,3,MU,Inhal.solution,NA,J01XB,NA,NA,ANTIBACTERIALS FOR SYSTEMIC USE,OTHER ANTIBACTERIALS,Polymyxins
J01XB01,colistin,9,MU,P,NA,J01XB,NA,NA,ANTIBACTERIALS FOR SYSTEMIC USE,OTHER ANTIBACTERIALS,Polymyxins
J01XB02,polymyxin B,0.15,g,P,NA,J01XB,NA,NA,ANTIBACTERIALS FOR SYSTEMIC USE,OTHER ANTIBACTERIALS,Polymyxins
J01DC01,cefoxitin,6,g,P,NA,J01DC,NA,NA,ANTIBACTERIALS FOR SYSTEMIC USE,OTHER BETA-LACTAM ANTIBACTERIALS,Second-generation cephalosporins
J01DC02,cefuroxime,0.5,g,O,NA,J01DC,NA,NA,ANTIBACTERIALS FOR SYSTEMIC USE,OTHER BETA-LACTAM ANTIBACTERIALS,Second-generation cephalosporins
J01DC02,cefuroxime,3,g,P,NA,J01DC,NA,NA,ANTIBACTERIALS FOR SYSTEMIC USE,OTHER BETA-LACTAM ANTIBACTERIALS,Second-generation cephalosporins
J01DC03,cefamandole,6,g,P,NA,J01DC,NA,NA,ANTIBACTERIALS FOR SYSTEMIC USE,OTHER BETA-LACTAM ANTIBACTERIALS,Second-generation cephalosporins
J01DC04,cefaclor,1,g,O,NA,J01DC,NA,NA,ANTIBACTERIALS FOR SYSTEMIC USE,OTHER BETA-LACTAM ANTIBACTERIALS,Second-generation cephalosporins
J01DC05,cefotetan,4,g,P,NA,J01DC,NA,NA,ANTIBACTERIALS FOR SYSTEMIC USE,OTHER BETA-LACTAM ANTIBACTERIALS,Second-generation cephalosporins
J01DC06,cefonicid,1,g,P,NA,J01DC,NA,NA,ANTIBACTERIALS FOR SYSTEMIC USE,OTHER BETA-LACTAM ANTIBACTERIALS,Second-generation cephalosporins
J01DC07,cefotiam,1.2,g,O,NA,J01DC,NA,NA,ANTIBACTERIALS FOR SYSTEMIC USE,OTHER BETA-LACTAM ANTIBACTERIALS,Second-generation cephalosporins
J01DC07,cefotiam,4,g,P,NA,J01DC,NA,NA,ANTIBACTERIALS FOR SYSTEMIC USE,OTHER BETA-LACTAM ANTIBACTERIALS,Second-generation cephalosporins
J01DC08,loracarbef,0.6,g,O,NA,J01DC,NA,NA,ANTIBACTERIALS FOR SYSTEMIC USE,OTHER BETA-LACTAM ANTIBACTERIALS,Second-generation cephalosporins
J01DC09,cefmetazole,4,g,P,NA,J01DC,NA,NA,ANTIBACTERIALS FOR SYSTEMIC USE,OTHER BETA-LACTAM ANTIBACTERIALS,Second-generation cephalosporins
J01DC10,cefprozil,1,g,O,NA,J01DC,NA,NA,ANTIBACTERIALS FOR SYSTEMIC USE,OTHER BETA-LACTAM ANTIBACTERIALS,Second-generation cephalosporins
J01DC11,ceforanide,4,g,P,NA,J01DC,NA,NA,ANTIBACTERIALS FOR SYSTEMIC USE,OTHER BETA-LACTAM ANTIBACTERIALS,Second-generation cephalosporins
J01DC12,cefminox,4,g,P,NA,J01DC,NA,NA,ANTIBACTERIALS FOR SYSTEMIC USE,OTHER BETA-LACTAM ANTIBACTERIALS,Second-generation cephalosporins
J01DC13,cefbuperazone,2,g,P,NA,J01DC,NA,NA,ANTIBACTERIALS FOR SYSTEMIC USE,OTHER BETA-LACTAM ANTIBACTERIALS,Second-generation cephalosporins
J01DC14,flomoxef,2,g,P,NA,J01DC,NA,NA,ANTIBACTERIALS FOR SYSTEMIC USE,OTHER BETA-LACTAM ANTIBACTERIALS,Second-generation cephalosporins
J01EC01,sulfamethoxazole,2,g,O,NA,J01EC,NA,NA,ANTIBACTERIALS FOR SYSTEMIC USE,SULFONAMIDES AND TRIMETHOPRIM,Intermediate-acting sulfonamides
J01EC02,sulfadiazine,0.6,g,O,NA,J01EC,NA,NA,ANTIBACTERIALS FOR SYSTEMIC USE,SULFONAMIDES AND TRIMETHOPRIM,Intermediate-acting sulfonamides
J01EC03,sulfamoxole,1,g,O,NA,J01EC,NA,NA,ANTIBACTERIALS FOR SYSTEMIC USE,SULFONAMIDES AND TRIMETHOPRIM,Intermediate-acting sulfonamides
J01EC03,sulfamoxole,1,g,P,NA,J01EC,NA,NA,ANTIBACTERIALS FOR SYSTEMIC USE,SULFONAMIDES AND TRIMETHOPRIM,Intermediate-acting sulfonamides
J01EC20,combinations,NA,,,NA,J01EC,NA,NA,ANTIBACTERIALS FOR SYSTEMIC USE,SULFONAMIDES AND TRIMETHOPRIM,Intermediate-acting sulfonamides
J01XC01,fusidic acid,1.5,g,O,NA,J01XC,NA,NA,ANTIBACTERIALS FOR SYSTEMIC USE,OTHER ANTIBACTERIALS,Steroid antibacterials
J01XC01,fusidic acid,1.5,g,P,NA,J01XC,NA,NA,ANTIBACTERIALS FOR SYSTEMIC USE,OTHER ANTIBACTERIALS,Steroid antibacterials
J01DD01,cefotaxime,4,g,P,,J01DD,NA,NA,ANTIBACTERIALS FOR SYSTEMIC USE,OTHER BETA-LACTAM ANTIBACTERIALS,Third-generation cephalosporins
J01DD02,ceftazidime,4,g,P,,J01DD,NA,NA,ANTIBACTERIALS FOR SYSTEMIC USE,OTHER BETA-LACTAM ANTIBACTERIALS,Third-generation cephalosporins
J01DD03,cefsulodin,4,g,P,,J01DD,NA,NA,ANTIBACTERIALS FOR SYSTEMIC USE,OTHER BETA-LACTAM ANTIBACTERIALS,Third-generation cephalosporins
J01DD04,ceftriaxone,2,g,P,,J01DD,NA,NA,ANTIBACTERIALS FOR SYSTEMIC USE,OTHER BETA-LACTAM ANTIBACTERIALS,Third-generation cephalosporins
J01DD05,cefmenoxime,2,g,P,,J01DD,NA,NA,ANTIBACTERIALS FOR SYSTEMIC USE,OTHER BETA-LACTAM ANTIBACTERIALS,Third-generation cephalosporins
J01DD06,latamoxef,4,g,P,,J01DD,NA,NA,ANTIBACTERIALS FOR SYSTEMIC USE,OTHER BETA-LACTAM ANTIBACTERIALS,Third-generation cephalosporins
J01DD07,ceftizoxime,4,g,P,,J01DD,NA,NA,ANTIBACTERIALS FOR SYSTEMIC USE,OTHER BETA-LACTAM ANTIBACTERIALS,Third-generation cephalosporins
J01DD08,cefixime,0.4,g,O,,J01DD,NA,NA,ANTIBACTERIALS FOR SYSTEMIC USE,OTHER BETA-LACTAM ANTIBACTERIALS,Third-generation cephalosporins
J01DD09,cefodizime,2,g,P,,J01DD,NA,NA,ANTIBACTERIALS FOR SYSTEMIC USE,OTHER BETA-LACTAM ANTIBACTERIALS,Third-generation cephalosporins
J01DD10,cefetamet,1,g,O,,J01DD,NA,NA,ANTIBACTERIALS FOR SYSTEMIC USE,OTHER BETA-LACTAM ANTIBACTERIALS,Third-generation cephalosporins
J01DD11,cefpiramide,2,g,P,,J01DD,NA,NA,ANTIBACTERIALS FOR SYSTEMIC USE,OTHER BETA-LACTAM ANTIBACTERIALS,Third-generation cephalosporins
J01DD12,cefoperazone,4,g,P,,J01DD,NA,NA,ANTIBACTERIALS FOR SYSTEMIC USE,OTHER BETA-LACTAM ANTIBACTERIALS,Third-generation cephalosporins
J01DD13,cefpodoxime,0.4,g,O,,J01DD,NA,NA,ANTIBACTERIALS FOR SYSTEMIC USE,OTHER BETA-LACTAM ANTIBACTERIALS,Third-generation cephalosporins
J01DD14,ceftibuten,0.4,g,O,,J01DD,NA,NA,ANTIBACTERIALS FOR SYSTEMIC USE,OTHER BETA-LACTAM ANTIBACTERIALS,Third-generation cephalosporins
J01DD15,cefdinir,0.6,g,O,,J01DD,NA,NA,ANTIBACTERIALS FOR SYSTEMIC USE,OTHER BETA-LACTAM ANTIBACTERIALS,Third-generation cephalosporins
J01DD16,cefditoren,0.4,g,O,,J01DD,NA,NA,ANTIBACTERIALS FOR SYSTEMIC USE,OTHER BETA-LACTAM ANTIBACTERIALS,Third-generation cephalosporins
J01DD17,cefcapene,0.45,g,O,,J01DD,NA,NA,ANTIBACTERIALS FOR SYSTEMIC USE,OTHER BETA-LACTAM ANTIBACTERIALS,Third-generation cephalosporins
J01DD18,cefteram,0.4,g,O,,J01DD,NA,NA,ANTIBACTERIALS FOR SYSTEMIC USE,OTHER BETA-LACTAM ANTIBACTERIALS,Third-generation cephalosporins
J01DD51,cefotaxime and beta-lactamase inhibitor,NA,,,,J01DD,NA,NA,ANTIBACTERIALS FOR SYSTEMIC USE,OTHER BETA-LACTAM ANTIBACTERIALS,Third-generation cephalosporins
J01DD52,ceftazidime and beta-lactamase inhibitor,6,g,P,Refers to ceftazidime,J01DD,NA,NA,ANTIBACTERIALS FOR SYSTEMIC USE,OTHER BETA-LACTAM ANTIBACTERIALS,Third-generation cephalosporins
J01DD54,"ceftriaxone, combinations",NA,,,,J01DD,NA,NA,ANTIBACTERIALS FOR SYSTEMIC USE,OTHER BETA-LACTAM ANTIBACTERIALS,Third-generation cephalosporins
J01DD62,cefoperazone and beta-lactamase inhibitor,4,g,P,Refers to cefoperazone,J01DD,NA,NA,ANTIBACTERIALS FOR SYSTEMIC USE,OTHER BETA-LACTAM ANTIBACTERIALS,Third-generation cephalosporins
J01DD63,ceftriaxone and beta-lactamase inhibitor,2,g,P,Refers to ceftriaxone,J01DD,NA,NA,ANTIBACTERIALS FOR SYSTEMIC USE,OTHER BETA-LACTAM ANTIBACTERIALS,Third-generation cephalosporins
J01DD64,cefpodoxime and beta-lactamase inhibitor,0.4,g,O,Refers to cefpodoxime,J01DD,NA,NA,ANTIBACTERIALS FOR SYSTEMIC USE,OTHER BETA-LACTAM ANTIBACTERIALS,Third-generation cephalosporins
J01ED01,sulfadimethoxine,0.5,g,O,NA,J01ED,NA,NA,ANTIBACTERIALS FOR SYSTEMIC USE,SULFONAMIDES AND TRIMETHOPRIM,Long-acting sulfonamides
J01ED02,sulfalene,0.1,g,O,NA,J01ED,NA,NA,ANTIBACTERIALS FOR SYSTEMIC USE,SULFONAMIDES AND TRIMETHOPRIM,Long-acting sulfonamides
J01ED03,sulfametomidine,NA,,,NA,J01ED,NA,NA,ANTIBACTERIALS FOR SYSTEMIC USE,SULFONAMIDES AND TRIMETHOPRIM,Long-acting sulfonamides
J01ED04,sulfametoxydiazine,0.5,g,O,NA,J01ED,NA,NA,ANTIBACTERIALS FOR SYSTEMIC USE,SULFONAMIDES AND TRIMETHOPRIM,Long-acting sulfonamides
J01ED05,sulfamethoxypyridazine,0.5,g,O,NA,J01ED,NA,NA,ANTIBACTERIALS FOR SYSTEMIC USE,SULFONAMIDES AND TRIMETHOPRIM,Long-acting sulfonamides
J01ED06,sulfaperin,0.5,g,O,NA,J01ED,NA,NA,ANTIBACTERIALS FOR SYSTEMIC USE,SULFONAMIDES AND TRIMETHOPRIM,Long-acting sulfonamides
J01ED07,sulfamerazine,3,g,O,NA,J01ED,NA,NA,ANTIBACTERIALS FOR SYSTEMIC USE,SULFONAMIDES AND TRIMETHOPRIM,Long-acting sulfonamides
J01ED08,sulfaphenazole,1,g,O,NA,J01ED,NA,NA,ANTIBACTERIALS FOR SYSTEMIC USE,SULFONAMIDES AND TRIMETHOPRIM,Long-acting sulfonamides
J01ED09,sulfamazone,1.5,g,O,NA,J01ED,NA,NA,ANTIBACTERIALS FOR SYSTEMIC USE,SULFONAMIDES AND TRIMETHOPRIM,Long-acting sulfonamides
J01ED09,sulfamazone,1.5,g,R,NA,J01ED,NA,NA,ANTIBACTERIALS FOR SYSTEMIC USE,SULFONAMIDES AND TRIMETHOPRIM,Long-acting sulfonamides
J01ED20,combinations,NA,,,NA,J01ED,NA,NA,ANTIBACTERIALS FOR SYSTEMIC USE,SULFONAMIDES AND TRIMETHOPRIM,Long-acting sulfonamides
J01XD01,metronidazole,1.5,g,P,NA,J01XD,NA,NA,ANTIBACTERIALS FOR SYSTEMIC USE,OTHER ANTIBACTERIALS,Imidazole derivatives
J01XD02,tinidazole,1.5,g,P,NA,J01XD,NA,NA,ANTIBACTERIALS FOR SYSTEMIC USE,OTHER ANTIBACTERIALS,Imidazole derivatives
J01XD03,ornidazole,1,g,P,NA,J01XD,NA,NA,ANTIBACTERIALS FOR SYSTEMIC USE,OTHER ANTIBACTERIALS,Imidazole derivatives
J01CE01,benzylpenicillin,3.6,g,P,,J01CE,NA,NA,ANTIBACTERIALS FOR SYSTEMIC USE,"BETA-LACTAM ANTIBACTERIALS, PENICILLINS",Beta-lactamase sensitive penicillins
J01CE02,phenoxymethylpenicillin,2,g,O,,J01CE,NA,NA,ANTIBACTERIALS FOR SYSTEMIC USE,"BETA-LACTAM ANTIBACTERIALS, PENICILLINS",Beta-lactamase sensitive penicillins
J01CE03,propicillin,0.9,g,O,,J01CE,NA,NA,ANTIBACTERIALS FOR SYSTEMIC USE,"BETA-LACTAM ANTIBACTERIALS, PENICILLINS",Beta-lactamase sensitive penicillins
J01CE04,azidocillin,1.5,g,O,,J01CE,NA,NA,ANTIBACTERIALS FOR SYSTEMIC USE,"BETA-LACTAM ANTIBACTERIALS, PENICILLINS",Beta-lactamase sensitive penicillins
J01CE05,pheneticillin,1,g,O,,J01CE,NA,NA,ANTIBACTERIALS FOR SYSTEMIC USE,"BETA-LACTAM ANTIBACTERIALS, PENICILLINS",Beta-lactamase sensitive penicillins
J01CE06,penamecillin,1.05,g,O,,J01CE,NA,NA,ANTIBACTERIALS FOR SYSTEMIC USE,"BETA-LACTAM ANTIBACTERIALS, PENICILLINS",Beta-lactamase sensitive penicillins
J01CE07,clometocillin,1,g,O,,J01CE,NA,NA,ANTIBACTERIALS FOR SYSTEMIC USE,"BETA-LACTAM ANTIBACTERIALS, PENICILLINS",Beta-lactamase sensitive penicillins
J01CE08,benzathine benzylpenicillin,3.6,g,P,Expressed as benzylpenicillin,J01CE,NA,NA,ANTIBACTERIALS FOR SYSTEMIC USE,"BETA-LACTAM ANTIBACTERIALS, PENICILLINS",Beta-lactamase sensitive penicillins
J01CE09,procaine benzylpenicillin,0.6,g,P,,J01CE,NA,NA,ANTIBACTERIALS FOR SYSTEMIC USE,"BETA-LACTAM ANTIBACTERIALS, PENICILLINS",Beta-lactamase sensitive penicillins
J01CE10,benzathine phenoxymethylpenicillin,2,g,O,,J01CE,NA,NA,ANTIBACTERIALS FOR SYSTEMIC USE,"BETA-LACTAM ANTIBACTERIALS, PENICILLINS",Beta-lactamase sensitive penicillins
J01CE30,combinations,NA,,,,J01CE,NA,NA,ANTIBACTERIALS FOR SYSTEMIC USE,"BETA-LACTAM ANTIBACTERIALS, PENICILLINS",Beta-lactamase sensitive penicillins
J01DE01,cefepime,4,g,P,NA,J01DE,NA,NA,ANTIBACTERIALS FOR SYSTEMIC USE,OTHER BETA-LACTAM ANTIBACTERIALS,Fourth-generation cephalosporins
J01DE02,cefpirome,4,g,P,NA,J01DE,NA,NA,ANTIBACTERIALS FOR SYSTEMIC USE,OTHER BETA-LACTAM ANTIBACTERIALS,Fourth-generation cephalosporins
J01DE03,cefozopran,4,g,P,NA,J01DE,NA,NA,ANTIBACTERIALS FOR SYSTEMIC USE,OTHER BETA-LACTAM ANTIBACTERIALS,Fourth-generation cephalosporins
J01EE01,sulfamethoxazole and trimethoprim,NA,NA,NA,NA,J01EE,NA,NA,ANTIBACTERIALS FOR SYSTEMIC USE,SULFONAMIDES AND TRIMETHOPRIM,"Combinations of sulfonamides and trimethoprim, incl"
J01EE02,sulfadiazine and trimethoprim,NA,NA,NA,NA,J01EE,NA,NA,ANTIBACTERIALS FOR SYSTEMIC USE,SULFONAMIDES AND TRIMETHOPRIM,"Combinations of sulfonamides and trimethoprim, incl"
J01EE03,sulfametrole and trimethoprim,NA,NA,NA,NA,J01EE,NA,NA,ANTIBACTERIALS FOR SYSTEMIC USE,SULFONAMIDES AND TRIMETHOPRIM,"Combinations of sulfonamides and trimethoprim, incl"
J01EE04,sulfamoxole and trimethoprim,NA,NA,NA,NA,J01EE,NA,NA,ANTIBACTERIALS FOR SYSTEMIC USE,SULFONAMIDES AND TRIMETHOPRIM,"Combinations of sulfonamides and trimethoprim, incl"
J01EE05,sulfadimidine and trimethoprim,NA,NA,NA,NA,J01EE,NA,NA,ANTIBACTERIALS FOR SYSTEMIC USE,SULFONAMIDES AND TRIMETHOPRIM,"Combinations of sulfonamides and trimethoprim, incl"
J01EE06,sulfadiazine and tetroxoprim,NA,NA,NA,NA,J01EE,NA,NA,ANTIBACTERIALS FOR SYSTEMIC USE,SULFONAMIDES AND TRIMETHOPRIM,"Combinations of sulfonamides and trimethoprim, incl"
J01EE07,sulfamerazine and trimethoprim,NA,NA,NA,NA,J01EE,NA,NA,ANTIBACTERIALS FOR SYSTEMIC USE,SULFONAMIDES AND TRIMETHOPRIM,"Combinations of sulfonamides and trimethoprim, incl"
J01XE01,nitrofurantoin,0.2,g,O,NA,J01XE,NA,NA,ANTIBACTERIALS FOR SYSTEMIC USE,OTHER ANTIBACTERIALS,Nitrofuran derivatives
J01XE02,nifurtoinol,0.16,g,O,NA,J01XE,NA,NA,ANTIBACTERIALS FOR SYSTEMIC USE,OTHER ANTIBACTERIALS,Nitrofuran derivatives
J01XE03,furazidin,0.3,g,O,NA,J01XE,NA,NA,ANTIBACTERIALS FOR SYSTEMIC USE,OTHER ANTIBACTERIALS,Nitrofuran derivatives
J01XE51,"nitrofurantoin, combinations",NA,,,NA,J01XE,NA,NA,ANTIBACTERIALS FOR SYSTEMIC USE,OTHER ANTIBACTERIALS,Nitrofuran derivatives
J01CF01,dicloxacillin,2,g,O,NA,J01CF,NA,NA,ANTIBACTERIALS FOR SYSTEMIC USE,"BETA-LACTAM ANTIBACTERIALS, PENICILLINS",Beta-lactamase resistant penicillins
J01CF01,dicloxacillin,2,g,P,NA,J01CF,NA,NA,ANTIBACTERIALS FOR SYSTEMIC USE,"BETA-LACTAM ANTIBACTERIALS, PENICILLINS",Beta-lactamase resistant penicillins
J01CF02,cloxacillin,2,g,O,NA,J01CF,NA,NA,ANTIBACTERIALS FOR SYSTEMIC USE,"BETA-LACTAM ANTIBACTERIALS, PENICILLINS",Beta-lactamase resistant penicillins
J01CF02,cloxacillin,2,g,P,NA,J01CF,NA,NA,ANTIBACTERIALS FOR SYSTEMIC USE,"BETA-LACTAM ANTIBACTERIALS, PENICILLINS",Beta-lactamase resistant penicillins
J01CF03,meticillin,4,g,P,NA,J01CF,NA,NA,ANTIBACTERIALS FOR SYSTEMIC USE,"BETA-LACTAM ANTIBACTERIALS, PENICILLINS",Beta-lactamase resistant penicillins
J01CF04,oxacillin,2,g,O,NA,J01CF,NA,NA,ANTIBACTERIALS FOR SYSTEMIC USE,"BETA-LACTAM ANTIBACTERIALS, PENICILLINS",Beta-lactamase resistant penicillins
J01CF04,oxacillin,2,g,P,NA,J01CF,NA,NA,ANTIBACTERIALS FOR SYSTEMIC USE,"BETA-LACTAM ANTIBACTERIALS, PENICILLINS",Beta-lactamase resistant penicillins
J01CF05,flucloxacillin,2,g,O,NA,J01CF,NA,NA,ANTIBACTERIALS FOR SYSTEMIC USE,"BETA-LACTAM ANTIBACTERIALS, PENICILLINS",Beta-lactamase resistant penicillins
J01CF05,flucloxacillin,2,g,P,NA,J01CF,NA,NA,ANTIBACTERIALS FOR SYSTEMIC USE,"BETA-LACTAM ANTIBACTERIALS, PENICILLINS",Beta-lactamase resistant penicillins
J01CF06,nafcillin,3,g,P,NA,J01CF,NA,NA,ANTIBACTERIALS FOR SYSTEMIC USE,"BETA-LACTAM ANTIBACTERIALS, PENICILLINS",Beta-lactamase resistant penicillins
J01DF01,aztreonam,0.225,g,Inhal.solution,NA,J01DF,NA,NA,ANTIBACTERIALS FOR SYSTEMIC USE,OTHER BETA-LACTAM ANTIBACTERIALS,Monobactams
J01DF01,aztreonam,4,g,P,NA,J01DF,NA,NA,ANTIBACTERIALS FOR SYSTEMIC USE,OTHER BETA-LACTAM ANTIBACTERIALS,Monobactams
J01DF02,carumonam,2,g,P,NA,J01DF,NA,NA,ANTIBACTERIALS FOR SYSTEMIC USE,OTHER BETA-LACTAM ANTIBACTERIALS,Monobactams
J01FF01,clindamycin,1.2,g,O,NA,J01FF,NA,NA,ANTIBACTERIALS FOR SYSTEMIC USE,"MACROLIDES, LINCOSAMIDES AND STREPTOGRAMINS",Lincosamides
J01FF01,clindamycin,1.8,g,P,NA,J01FF,NA,NA,ANTIBACTERIALS FOR SYSTEMIC USE,"MACROLIDES, LINCOSAMIDES AND STREPTOGRAMINS",Lincosamides
J01FF02,lincomycin,1.8,g,O,NA,J01FF,NA,NA,ANTIBACTERIALS FOR SYSTEMIC USE,"MACROLIDES, LINCOSAMIDES AND STREPTOGRAMINS",Lincosamides
J01FF02,lincomycin,1.8,g,P,NA,J01FF,NA,NA,ANTIBACTERIALS FOR SYSTEMIC USE,"MACROLIDES, LINCOSAMIDES AND STREPTOGRAMINS",Lincosamides
J01CG01,sulbactam,1,g,P,NA,J01CG,NA,NA,ANTIBACTERIALS FOR SYSTEMIC USE,"BETA-LACTAM ANTIBACTERIALS, PENICILLINS",Beta-lactamase inhibitors
J01CG02,tazobactam,NA,,,NA,J01CG,NA,NA,ANTIBACTERIALS FOR SYSTEMIC USE,"BETA-LACTAM ANTIBACTERIALS, PENICILLINS",Beta-lactamase inhibitors
J01FG01,pristinamycin,2,g,O,NA,J01FG,NA,NA,ANTIBACTERIALS FOR SYSTEMIC USE,"MACROLIDES, LINCOSAMIDES AND STREPTOGRAMINS",Streptogramins
J01FG02,quinupristin/dalfopristin,1.5,g,P,NA,J01FG,NA,NA,ANTIBACTERIALS FOR SYSTEMIC USE,"MACROLIDES, LINCOSAMIDES AND STREPTOGRAMINS",Streptogramins
J01DH02,meropenem,3,g,P,,J01DH,NA,NA,ANTIBACTERIALS FOR SYSTEMIC USE,OTHER BETA-LACTAM ANTIBACTERIALS,Carbapenems
J01DH03,ertapenem,1,g,P,,J01DH,NA,NA,ANTIBACTERIALS FOR SYSTEMIC USE,OTHER BETA-LACTAM ANTIBACTERIALS,Carbapenems
J01DH04,doripenem,1.5,g,P,,J01DH,NA,NA,ANTIBACTERIALS FOR SYSTEMIC USE,OTHER BETA-LACTAM ANTIBACTERIALS,Carbapenems
J01DH05,biapenem,1.2,g,P,,J01DH,NA,NA,ANTIBACTERIALS FOR SYSTEMIC USE,OTHER BETA-LACTAM ANTIBACTERIALS,Carbapenems
J01DH06,tebipenem pivoxil,0.56,g,O,,J01DH,NA,NA,ANTIBACTERIALS FOR SYSTEMIC USE,OTHER BETA-LACTAM ANTIBACTERIALS,Carbapenems
J01DH51,imipenem and cilastatin,2,g,P,Refers to imipenem,J01DH,NA,NA,ANTIBACTERIALS FOR SYSTEMIC USE,OTHER BETA-LACTAM ANTIBACTERIALS,Carbapenems
J01DH52,meropenem and vaborbactam,3,g,P,Refers to meropenem,J01DH,NA,NA,ANTIBACTERIALS FOR SYSTEMIC USE,OTHER BETA-LACTAM ANTIBACTERIALS,Carbapenems
J01DH55,panipenem and betamipron,2,g,P,Refers to panipenem,J01DH,NA,NA,ANTIBACTERIALS FOR SYSTEMIC USE,OTHER BETA-LACTAM ANTIBACTERIALS,Carbapenems
J01DH56,"imipenem, cilastatin and relebactam",2,g,P,Refers to imipenem,J01DH,NA,NA,ANTIBACTERIALS FOR SYSTEMIC USE,OTHER BETA-LACTAM ANTIBACTERIALS,Carbapenems
J01DI01,ceftobiprole medocaril,1.5,g,P,,J01DI,NA,NA,ANTIBACTERIALS FOR SYSTEMIC USE,OTHER BETA-LACTAM ANTIBACTERIALS,Other cephalosporins and penems
J01DI02,ceftaroline fosamil,1.2,g,P,,J01DI,NA,NA,ANTIBACTERIALS FOR SYSTEMIC USE,OTHER BETA-LACTAM ANTIBACTERIALS,Other cephalosporins and penems
J01DI03,faropenem,0.75,g,O,,J01DI,NA,NA,ANTIBACTERIALS FOR SYSTEMIC USE,OTHER BETA-LACTAM ANTIBACTERIALS,Other cephalosporins and penems
J01DI04,cefiderocol,NA,,,,J01DI,NA,NA,ANTIBACTERIALS FOR SYSTEMIC USE,OTHER BETA-LACTAM ANTIBACTERIALS,Other cephalosporins and penems
J01DI54,ceftolozane and beta-lactamase inhibitor,3,g,P,Refers to ceftolozane,J01DI,NA,NA,ANTIBACTERIALS FOR SYSTEMIC USE,OTHER BETA-LACTAM ANTIBACTERIALS,Other cephalosporins and penems
J01CR01,ampicillin and beta-lactamase inhibitor,6,g,P,Refers to ampicillin,J01CR,NA,NA,ANTIBACTERIALS FOR SYSTEMIC USE,"BETA-LACTAM ANTIBACTERIALS, PENICILLINS","Combinations of penicillins, incl"
J01CR02,amoxicillin and beta-lactamase inhibitor,1.5,g,O,Refers to amoxicillin,J01CR,NA,NA,ANTIBACTERIALS FOR SYSTEMIC USE,"BETA-LACTAM ANTIBACTERIALS, PENICILLINS","Combinations of penicillins, incl"
J01CR02,amoxicillin and beta-lactamase inhibitor,3,g,P,Refers to amoxicillin,J01CR,NA,NA,ANTIBACTERIALS FOR SYSTEMIC USE,"BETA-LACTAM ANTIBACTERIALS, PENICILLINS","Combinations of penicillins, incl"
J01CR03,ticarcillin and beta-lactamase inhibitor,15,g,P,Refers to ticarcillin,J01CR,NA,NA,ANTIBACTERIALS FOR SYSTEMIC USE,"BETA-LACTAM ANTIBACTERIALS, PENICILLINS","Combinations of penicillins, incl"
J01CR04,sultamicillin,1.5,g,O,,J01CR,NA,NA,ANTIBACTERIALS FOR SYSTEMIC USE,"BETA-LACTAM ANTIBACTERIALS, PENICILLINS","Combinations of penicillins, incl"
J01CR05,piperacillin and beta-lactamase inhibitor,14,g,P,Refers to piperacillin,J01CR,NA,NA,ANTIBACTERIALS FOR SYSTEMIC USE,"BETA-LACTAM ANTIBACTERIALS, PENICILLINS","Combinations of penicillins, incl"
J01CR50,combinations of penicillins,NA,,,,J01CR,NA,NA,ANTIBACTERIALS FOR SYSTEMIC USE,"BETA-LACTAM ANTIBACTERIALS, PENICILLINS","Combinations of penicillins, incl"
J01XX01,fosfomycin,3,g,O,,J01XX,NA,NA,ANTIBACTERIALS FOR SYSTEMIC USE,OTHER ANTIBACTERIALS,Other antibacterials
J01XX01,fosfomycin,8,g,P,,J01XX,NA,NA,ANTIBACTERIALS FOR SYSTEMIC USE,OTHER ANTIBACTERIALS,Other antibacterials
J01XX02,xibornol,NA,,,,J01XX,NA,NA,ANTIBACTERIALS FOR SYSTEMIC USE,OTHER ANTIBACTERIALS,Other antibacterials
J01XX03,clofoctol,1.5,g,R,,J01XX,NA,NA,ANTIBACTERIALS FOR SYSTEMIC USE,OTHER ANTIBACTERIALS,Other antibacterials
J01XX04,spectinomycin,3,g,P,,J01XX,NA,NA,ANTIBACTERIALS FOR SYSTEMIC USE,OTHER ANTIBACTERIALS,Other antibacterials
J01XX05,methenamine,2,g,O,hippurate,J01XX,NA,NA,ANTIBACTERIALS FOR SYSTEMIC USE,OTHER ANTIBACTERIALS,Other antibacterials
J01XX05,methenamine,3,g,O,mandelate,J01XX,NA,NA,ANTIBACTERIALS FOR SYSTEMIC USE,OTHER ANTIBACTERIALS,Other antibacterials
J01XX06,mandelic acid,12,g,O,,J01XX,NA,NA,ANTIBACTERIALS FOR SYSTEMIC USE,OTHER ANTIBACTERIALS,Other antibacterials
J01XX07,nitroxoline,1,g,O,,J01XX,NA,NA,ANTIBACTERIALS FOR SYSTEMIC USE,OTHER ANTIBACTERIALS,Other antibacterials
J01XX08,linezolid,1.2,g,O,,J01XX,NA,NA,ANTIBACTERIALS FOR SYSTEMIC USE,OTHER ANTIBACTERIALS,Other antibacterials
J01XX08,linezolid,1.2,g,P,,J01XX,NA,NA,ANTIBACTERIALS FOR SYSTEMIC USE,OTHER ANTIBACTERIALS,Other antibacterials
J01XX09,daptomycin,0.28,g,P,,J01XX,NA,NA,ANTIBACTERIALS FOR SYSTEMIC USE,OTHER ANTIBACTERIALS,Other antibacterials
J01XX10,bacitracin,NA,,,,J01XX,NA,NA,ANTIBACTERIALS FOR SYSTEMIC USE,OTHER ANTIBACTERIALS,Other antibacterials
J01XX11,tedizolid,0.2,g,O,,J01XX,NA,NA,ANTIBACTERIALS FOR SYSTEMIC USE,OTHER ANTIBACTERIALS,Other antibacterials
J01XX11,tedizolid,0.2,g,P,,J01XX,NA,NA,ANTIBACTERIALS FOR SYSTEMIC USE,OTHER ANTIBACTERIALS,Other antibacterials
J01XX12,lefamulin,NA,,,,J01XX,NA,NA,ANTIBACTERIALS FOR SYSTEMIC USE,OTHER ANTIBACTERIALS,Other antibacterials
J04AB01,cycloserine,0.75,g,O,NA,J04AB,NA,NA,ANTIMYCOBACTERIALS,DRUGS FOR TREATMENT OF TUBERCULOSIS,Antibiotics
J04AB02,rifampicin,0.6,g,O,NA,J04AB,NA,NA,ANTIMYCOBACTERIALS,DRUGS FOR TREATMENT OF TUBERCULOSIS,Antibiotics
J04AB02,rifampicin,0.6,g,P,NA,J04AB,NA,NA,ANTIMYCOBACTERIALS,DRUGS FOR TREATMENT OF TUBERCULOSIS,Antibiotics
J04AB03,rifamycin,0.6,g,P,NA,J04AB,NA,NA,ANTIMYCOBACTERIALS,DRUGS FOR TREATMENT OF TUBERCULOSIS,Antibiotics
J04AB04,rifabutin,0.15,g,O,NA,J04AB,NA,NA,ANTIMYCOBACTERIALS,DRUGS FOR TREATMENT OF TUBERCULOSIS,Antibiotics
J04AB05,rifapentine,0.11,g,O,NA,J04AB,NA,NA,ANTIMYCOBACTERIALS,DRUGS FOR TREATMENT OF TUBERCULOSIS,Antibiotics
J04AB06,enviomycin,1,g,P,NA,J04AB,NA,NA,ANTIMYCOBACTERIALS,DRUGS FOR TREATMENT OF TUBERCULOSIS,Antibiotics
J04AB30,capreomycin,1,g,P,NA,J04AB,NA,NA,ANTIMYCOBACTERIALS,DRUGS FOR TREATMENT OF TUBERCULOSIS,Antibiotics
J04AK01,pyrazinamide,1.5,g,O,NA,J04AK,NA,NA,ANTIMYCOBACTERIALS,DRUGS FOR TREATMENT OF TUBERCULOSIS,Other drugs for treatment of tuberculosis
J04AK02,ethambutol,1.2,g,O,NA,J04AK,NA,NA,ANTIMYCOBACTERIALS,DRUGS FOR TREATMENT OF TUBERCULOSIS,Other drugs for treatment of tuberculosis
J04AK02,ethambutol,1.2,g,P,NA,J04AK,NA,NA,ANTIMYCOBACTERIALS,DRUGS FOR TREATMENT OF TUBERCULOSIS,Other drugs for treatment of tuberculosis
J04AK03,terizidone,NA,,,NA,J04AK,NA,NA,ANTIMYCOBACTERIALS,DRUGS FOR TREATMENT OF TUBERCULOSIS,Other drugs for treatment of tuberculosis
J04AK04,morinamide,NA,,,NA,J04AK,NA,NA,ANTIMYCOBACTERIALS,DRUGS FOR TREATMENT OF TUBERCULOSIS,Other drugs for treatment of tuberculosis
J04AK05,bedaquiline,86,mg,O,NA,J04AK,NA,NA,ANTIMYCOBACTERIALS,DRUGS FOR TREATMENT OF TUBERCULOSIS,Other drugs for treatment of tuberculosis
J04AK06,delamanid,0.2,g,O,NA,J04AK,NA,NA,ANTIMYCOBACTERIALS,DRUGS FOR TREATMENT OF TUBERCULOSIS,Other drugs for treatment of tuberculosis
J04AK07,thioacetazone,NA,,,NA,J04AK,NA,NA,ANTIMYCOBACTERIALS,DRUGS FOR TREATMENT OF TUBERCULOSIS,Other drugs for treatment of tuberculosis
J04AK08,pretomanid,NA,,,NA,J04AK,NA,NA,ANTIMYCOBACTERIALS,DRUGS FOR TREATMENT OF TUBERCULOSIS,Other drugs for treatment of tuberculosis
J04BA01,clofazimine,0.1,g,O,NA,J04BA,NA,NA,ANTIMYCOBACTERIALS,DRUGS FOR TREATMENT OF LEPRA,Drugs for treatment of lepra
J04BA02,dapsone,50,mg,O,NA,J04BA,NA,NA,ANTIMYCOBACTERIALS,DRUGS FOR TREATMENT OF LEPRA,Drugs for treatment of lepra
J04BA03,aldesulfone sodium,0.33,g,O,NA,J04BA,NA,NA,ANTIMYCOBACTERIALS,DRUGS FOR TREATMENT OF LEPRA,Drugs for treatment of lepra
J04AC01,isoniazid,0.3,g,O,NA,J04AC,NA,NA,ANTIMYCOBACTERIALS,DRUGS FOR TREATMENT OF TUBERCULOSIS,Hydrazides
J04AC01,isoniazid,0.3,g,P,NA,J04AC,NA,NA,ANTIMYCOBACTERIALS,DRUGS FOR TREATMENT OF TUBERCULOSIS,Hydrazides
J04AC51,"isoniazid, combinations",NA,,,NA,J04AC,NA,NA,ANTIMYCOBACTERIALS,DRUGS FOR TREATMENT OF TUBERCULOSIS,Hydrazides
A07AA01,neomycin,5,g,O,NA,A07AA,NA,NA,"ANTIDIARRHEALS, INTESTINAL ANTIINFLAMMATORY",INTESTINAL ANTIINFECTIVES,Antibiotics
A07AA02,nystatin,1.5,MU,O,NA,A07AA,NA,NA,"ANTIDIARRHEALS, INTESTINAL ANTIINFLAMMATORY",INTESTINAL ANTIINFECTIVES,Antibiotics
A07AA03,natamycin,0.3,g,O,NA,A07AA,NA,NA,"ANTIDIARRHEALS, INTESTINAL ANTIINFLAMMATORY",INTESTINAL ANTIINFECTIVES,Antibiotics
A07AA04,streptomycin,NA,,,NA,A07AA,NA,NA,"ANTIDIARRHEALS, INTESTINAL ANTIINFLAMMATORY",INTESTINAL ANTIINFECTIVES,Antibiotics
A07AA05,polymyxin B,3,MU,O,NA,A07AA,NA,NA,"ANTIDIARRHEALS, INTESTINAL ANTIINFLAMMATORY",INTESTINAL ANTIINFECTIVES,Antibiotics
A07AA06,paromomycin,3,g,O,NA,A07AA,NA,NA,"ANTIDIARRHEALS, INTESTINAL ANTIINFLAMMATORY",INTESTINAL ANTIINFECTIVES,Antibiotics
A07AA07,amphotericin B,0.4,g,O,NA,A07AA,NA,NA,"ANTIDIARRHEALS, INTESTINAL ANTIINFLAMMATORY",INTESTINAL ANTIINFECTIVES,Antibiotics
A07AA08,kanamycin,3,g,O,NA,A07AA,NA,NA,"ANTIDIARRHEALS, INTESTINAL ANTIINFLAMMATORY",INTESTINAL ANTIINFECTIVES,Antibiotics
A07AA09,vancomycin,2,g,O,NA,A07AA,NA,NA,"ANTIDIARRHEALS, INTESTINAL ANTIINFLAMMATORY",INTESTINAL ANTIINFECTIVES,Antibiotics
A07AA10,colistin,9,MU,O,NA,A07AA,NA,NA,"ANTIDIARRHEALS, INTESTINAL ANTIINFLAMMATORY",INTESTINAL ANTIINFECTIVES,Antibiotics
A07AA11,rifaximin,0.6,g,O,NA,A07AA,NA,NA,"ANTIDIARRHEALS, INTESTINAL ANTIINFLAMMATORY",INTESTINAL ANTIINFECTIVES,Antibiotics
A07AA12,fidaxomicin,0.4,g,O,NA,A07AA,NA,NA,"ANTIDIARRHEALS, INTESTINAL ANTIINFLAMMATORY",INTESTINAL ANTIINFECTIVES,Antibiotics
A07AA13,rifamycin,NA,,,NA,A07AA,NA,NA,"ANTIDIARRHEALS, INTESTINAL ANTIINFLAMMATORY",INTESTINAL ANTIINFECTIVES,Antibiotics
A07AA51,"neomycin, combinations",NA,,,NA,A07AA,NA,NA,"ANTIDIARRHEALS, INTESTINAL ANTIINFLAMMATORY",INTESTINAL ANTIINFECTIVES,Antibiotics
A07AA54,"streptomycin, combinations",NA,,,NA,A07AA,NA,NA,"ANTIDIARRHEALS, INTESTINAL ANTIINFLAMMATORY",INTESTINAL ANTIINFECTIVES,Antibiotics
P01AB01,metronidazole,2,g,O,NA,P01AB,NA,NA,ANTIPROTOZOALS,AGENTS AGAINST AMOEBIASIS AND OTHER PROTOZOAL DISEASES,Nitroimidazole derivatives
P01AB01,metronidazole,2,g,R,NA,P01AB,NA,NA,ANTIPROTOZOALS,AGENTS AGAINST AMOEBIASIS AND OTHER PROTOZOAL DISEASES,Nitroimidazole derivatives
P01AB02,tinidazole,2,g,O,NA,P01AB,NA,NA,ANTIPROTOZOALS,AGENTS AGAINST AMOEBIASIS AND OTHER PROTOZOAL DISEASES,Nitroimidazole derivatives
P01AB02,tinidazole,2,g,R,NA,P01AB,NA,NA,ANTIPROTOZOALS,AGENTS AGAINST AMOEBIASIS AND OTHER PROTOZOAL DISEASES,Nitroimidazole derivatives
P01AB03,ornidazole,1.5,g,O,NA,P01AB,NA,NA,ANTIPROTOZOALS,AGENTS AGAINST AMOEBIASIS AND OTHER PROTOZOAL DISEASES,Nitroimidazole derivatives
P01AB04,azanidazole,NA,,,NA,P01AB,NA,NA,ANTIPROTOZOALS,AGENTS AGAINST AMOEBIASIS AND OTHER PROTOZOAL DISEASES,Nitroimidazole derivatives
P01AB05,propenidazole,NA,,,NA,P01AB,NA,NA,ANTIPROTOZOALS,AGENTS AGAINST AMOEBIASIS AND OTHER PROTOZOAL DISEASES,Nitroimidazole derivatives
P01AB06,nimorazole,2,g,O,NA,P01AB,NA,NA,ANTIPROTOZOALS,AGENTS AGAINST AMOEBIASIS AND OTHER PROTOZOAL DISEASES,Nitroimidazole derivatives
P01AB07,secnidazole,2,g,O,NA,P01AB,NA,NA,ANTIPROTOZOALS,AGENTS AGAINST AMOEBIASIS AND OTHER PROTOZOAL DISEASES,Nitroimidazole derivatives
P01AB51,metronidazole and furazolidone,NA,,,NA,P01AB,NA,NA,ANTIPROTOZOALS,AGENTS AGAINST AMOEBIASIS AND OTHER PROTOZOAL DISEASES,Nitroimidazole derivatives
P01AB52,metronidazole and diloxanide,NA,,,NA,P01AB,NA,NA,ANTIPROTOZOALS,AGENTS AGAINST AMOEBIASIS AND OTHER PROTOZOAL DISEASES,Nitroimidazole derivatives
